{ "object":
    {
     "height":82.6202419592801,
     "id":24,
     "name":"platform",
     "polygon":[
            {
             "x":0,
             "y":0
            }, 
            {
             "x":1280,
             "y":0
            }, 
            {
             "x":1280,
             "y":82.6202419592801
            }, 
            {
             "x":0,
             "y":82.6202419592801
            }],
     "rotation":0,
     "type":"platform",
     "visible":true,
     "width":1280
    },
 "type":"template"
}