{
	"defaults" : {
	    "gravity" : -7.5,
    	"friction": 0.4,
    	"density" : 0.0,
    	"restitution": 0.1,
    	"volume": 0.8
	},
	"goal" : {
		"pos": [4.0, 14.0],
		"density": 0.0,
    	"friction": 0.0,
    	"restitution": 0.0
    },
	"player": {
		"pos": [7.0, 3.0],
		"shrink": [0.7, 0.95],
		"force": 20.0,
		"damping": 10.0,
		"density": 1.0,
		"friction": 0.0,
		"maxspeed_x": 5.0,
		"maxspeed_y": 7.0,
		"jump_force": 5.5,
		"jump_cool": 30,
		"sensor": {
			"shrink" : 0.6,
			"height" : 0.05
		},
		"texturescale": 0.0625
	},
	"umbrella" : {
		"pos": [7.0, 3.2],
		"shrink": [0.7, 0.95],
		"force": 3.0,
		"damping": 10.0,
		"density": 1.0,
		"friction": 0.0,
		"maxspeed": 5.0,
		"sensor": {
			"shrink" : 0.6,
			"height" : 0.05
		},
		"texturescale": 0.0625
	},
	"walls": 		[],
	"platforms":	[
						[ 0.0, 3.0,32.0, 3.0,32.0, 2.5, 0.0, 2.5],
						[ 4.0,12.0,12.0,12.0,12.0,11.5, 4.0,11.5],
						[20.0, 8.0,28.0, 8.0,28.0, 7.5,20.0, 7.5]
					],
	"wind":	        [
		[[ 0.0, 0.0, 3.0, 0.0, 3.0, 5.0, 0.0, 5.0], 1.0, 3.0, 20.0, 1.57079632679],
		[[ 0.0, 0.0, 3.0, 0.0, 3.0, 5.0, 0.0, 5.0], 9.5, 5.0, 15.0, 0.78539816339],
		[[ 0.0, 0.0, 3.0, 0.0, 3.0, 5.0, 0.0, 5.0], 24.0, 8.0, 15.0, 2.35619449019]
	]
}